To,Name,Subject,Date,Duration,Occurrence,Body,CCEmail,CCName
AdeleV@61lpk6.onmicrosoft.com,Adele Vance,Project Update Meeting,2023-12-25T14:30:00,60,once,Please join us for the project update meeting. Your insights are valuable.,MeganB@61lpk6.onmicrosoft.com,Megan Bowen
AlexW@61lpk6.onmicrosoft.com,Alex Wilber,Quarterly Review - Q4,2023-12-26T10:00:00,90,once,Review and discuss the achievements and challenges of the fourth quarter.,MiriamG@61lpk6.onmicrosoft.com,Miriam Graham
DiegoS@61lpk6.onmicrosoft.com,Diego Siciliani,Team Building Activity Review,2023-12-27T15:30:00,120,once,Get ready for some fun team-building exercises this Wednesday afternoon!,NestorW@61lpk6.onmicrosoft.com,Nestor Wilke
GradyA@61lpk6.onmicrosoft.com,Grady Archie,Weekly Status Call,2023-12-28T09:00:00,60,week,Let's catch up on the weekly status. Be prepared to discuss your current tasks and roadblocks.,PattiF@61lpk6.onmicrosoft.com,Patti Fernandez
HenriettaM@61lpk6.onmicrosoft.com,Henrietta Mueller,Feedback Session - Marketing Strategy,2023-12-29T14:00:00,90,once,Provide your feedback on the proposed marketing strategy during this important session.,PradeepG@61lpk6.onmicrosoft.com,Pradeep Gupta
IsaiahL@61lpk6.onmicrosoft.com,Isaiah Langer,Project Update Meeting,2023-12-25T14:30:00,60,once,Please join us for the project update meeting. Your insights are valuable.,NestorW@61lpk6.onmicrosoft.com,Nestor Wilke
JoniS@61lpk6.onmicrosoft.com,Joni Sherman,Client Presentation,2023-12-30T11:00:00,120,once,Prepare for the client presentation scheduled for the end of the week.,MeganB@61lpk6.onmicrosoft.com,Megan Bowen
LeeG@61lpk6.onmicrosoft.com,Lee Gu,Quarterly Review - Q4,2023-12-26T10:00:00,90,once,Review and discuss the achievements and challenges of the fourth quarter.,NestorW@61lpk6.onmicrosoft.com,Nestor Wilke
LidiaH@61lpk6.onmicrosoft.com,Lidia Holloway,Weekly Status Call,2023-12-28T09:00:00,60,week,Let's catch up on the weekly status. Be prepared to discuss your current tasks and roadblocks.,PattiF@61lpk6.onmicrosoft.com,Patti Fernandez
LynneR@61lpk6.onmicrosoft.com,Lynne Robbins,Feedback Session - Marketing Strategy,2023-12-29T14:00:00,90,once,Provide your feedback on the proposed marketing strategy during this important session.,PradeepG@61lpk6.onmicrosoft.com,Pradeep Gupta
